,Survived,Age,Pclass,SibSp,Parch,Fare
Survived,1.0,-0.06980851528714313,-0.33848103596101514,-0.035322498885735576,0.08162940708348335,0.2573065223849626
Age,-0.06980851528714313,1.0,-0.3313387740824206,-0.23262458644442344,-0.17919091526675796,0.09156609328505749
Pclass,-0.33848103596101514,-0.3313387740824206,1.0,0.08308136284568686,0.018442671310748508,-0.5494996199439076
SibSp,-0.035322498885735576,-0.23262458644442344,0.08308136284568686,1.0,0.41483769862015624,0.159651043242161
Parch,0.08162940708348335,-0.17919091526675796,0.018442671310748508,0.41483769862015624,1.0,0.21622494477076448
Fare,0.2573065223849626,0.09156609328505749,-0.5494996199439076,0.159651043242161,0.21622494477076448,1.0
